[
    {
        "pk": 1,
        "model": "maps.map",
        "fields": {
            "projection": "EPSG:3857",
            "title": "Base Map",
            "created_at": "2013-07-17T20:38:09.823Z",
            "zoom": 0,
            "updated_at": "2013-07-17T20:38:09.823Z",
            "center_x": 0.0,
            "center_y": 0.0,
            "description": "This is a map"
        }
    },
    {
        "pk": 2,
        "model": "maps.map",
        "fields": {
            "projection": "EPSG:3857",
            "title": "Test Map",
            "created_at": "2013-10-16T14:34:36.893Z",
            "zoom": 5,
            "updated_at": "2013-10-16T14:34:36.893Z",
            "center_x": 0.0,
            "center_y": 0.0,
            "description": "This is a test map"
        }
    },
    {
        "pk": 1,
        "model": "maps.featuretype",
        "fields": {
            "style": "{\"color\":\"red\",\"opacity\":1,\"weight\":2}",
            "type": "Polygon",
            "name": "http://nga.ic.gov/artifactOntology/BMD-2",
            "properties": "[{\"type\":\"text\",\"name\":\"severity\"}]"
        }
    },
    {
        "pk": 2,
        "model": "maps.featuretype",
        "fields": {
            "style": "{\"color\":\"green\",\"opacity\":1,\"weight\":2}",
            "type": "Polygon",
            "name": "http://nga.ic.gov/artifactOntology/BMP-1",
            "properties": "[{\"type\":\"text\",\"severity\":\"Limited\"}]"
        }
    },
    {
        "pk": 3,
        "model": "maps.featuretype",
        "fields": {
            "style": "{\"color\":\"orange\",\"opacity\":1,\"weight\":2}",
            "type": "Polygon",
            "name": "http://nga.ic.gov/artifactOntology/BMP-2",
            "properties": "[{\"type\":\"text\",\"severity\":\"Major\"}]"
        }
    },
    {
        "pk": 5,
        "model": "maps.featuretype",
        "fields": {
            "style": "{\"iconUrl\":\"/static/leaflet/images/red-marker-icon.png\"}",
            "type": "Point",
            "name": "http://nga.ic.gov/artifactOntology/BMP-3",
            "properties": "{\"type\":\"text\",\"severity\":\"Catastrophic\"}"
        }
    },
    {
        "pk": 6,
        "model": "maps.featuretype",
        "fields": {
            "style": "{\"iconUrl\":\"/static/leaflet/images/orange-marker-icon.png\"}",
            "type": "Point",
            "name": "http://nga.ic.gov/artifactOntology/T72",
            "properties": "{\"type\":\"text\",\"severity\":\"Major\"}"
        }
    },
    {
        "pk": 7,
        "model": "maps.featuretype",
        "fields": {
            "style": "{\"iconUrl\":\"/static/leaflet/images/yellow-marker-icon.png\"}",
            "type": "Point",
            "name": "http://nga.ic.gov/artifactOntology/T72B3",
            "properties": "{\"type\":\"text\",\"severity\":\"Minor\"}"
        }
    },
    {
        "pk": 8,
        "model": "maps.featuretype",
        "fields": {
            "style": "{\"iconUrl\":\"/static/leaflet/images/green-marker-icon.png\"}",
            "type": "Point",
            "name": "http://nga.ic.gov/artifactOntology/Tank",
            "properties": "{\"type\":\"text\",\"severity\":\"None\"}"
        }
    }
]
